-- phpMyAdmin SQL Dump
-- version 5.2.1
-- https://www.phpmyadmin.net/
--
-- Host: 127.0.0.1
-- Generation Time: May 04, 2024 at 03:22 PM
-- Server version: 10.4.28-MariaDB
-- PHP Version: 8.2.4

SET SQL_MODE = "NO_AUTO_VALUE_ON_ZERO";
START TRANSACTION;
SET time_zone = "+00:00";


/*!40101 SET @OLD_CHARACTER_SET_CLIENT=@@CHARACTER_SET_CLIENT */;
/*!40101 SET @OLD_CHARACTER_SET_RESULTS=@@CHARACTER_SET_RESULTS */;
/*!40101 SET @OLD_COLLATION_CONNECTION=@@COLLATION_CONNECTION */;
/*!40101 SET NAMES utf8mb4 */;

--
-- Database: `peppers`
--

-- --------------------------------------------------------

--
-- Table structure for table `admin`
--

CREATE TABLE `admin` (
  `id` int(11) NOT NULL,
  `name` varchar(50) NOT NULL,
  `email` varchar(100) NOT NULL,
  `password` varchar(255) NOT NULL,
  `is_active` enum('0','1') NOT NULL DEFAULT '0'
) ENGINE=InnoDB DEFAULT CHARSET=latin1 COLLATE=latin1_swedish_ci;

-- --------------------------------------------------------

--
-- Table structure for table `brands`
--

CREATE TABLE `brands` (
  `brand_id` int(100) NOT NULL,
  `brand_title` text NOT NULL
) ENGINE=InnoDB DEFAULT CHARSET=latin1 COLLATE=latin1_swedish_ci;

--
-- Dumping data for table `brands`
--

INSERT INTO `brands` (`brand_id`, `brand_title`) VALUES
(1, 'Penjas Peppers');

-- --------------------------------------------------------

--
-- Table structure for table `cart`
--

CREATE TABLE `cart` (
  `id` int(10) NOT NULL,
  `p_id` int(10) NOT NULL,
  `ip_add` varchar(250) NOT NULL,
  `user_id` int(10) DEFAULT NULL,
  `qty` int(10) NOT NULL
) ENGINE=InnoDB DEFAULT CHARSET=latin1 COLLATE=latin1_swedish_ci;

--
-- Dumping data for table `cart`
--

INSERT INTO `cart` (`id`, `p_id`, `ip_add`, `user_id`, `qty`) VALUES
(34, 2, '::1', 1, 1),
(35, 7, '::1', -1, 1);

-- --------------------------------------------------------

--
-- Table structure for table `categories`
--

CREATE TABLE `categories` (
  `cat_id` int(100) NOT NULL,
  `cat_title` text NOT NULL
) ENGINE=InnoDB DEFAULT CHARSET=latin1 COLLATE=latin1_swedish_ci;

--
-- Dumping data for table `categories`
--

INSERT INTO `categories` (`cat_id`, `cat_title`) VALUES
(1, 'Chocolate'),
(2, ' pepper');

-- --------------------------------------------------------

--
-- Table structure for table `message`
--

CREATE TABLE `message` (
  `Id` int(120) NOT NULL,
  `full_name` varchar(120) NOT NULL,
  `email` varchar(120) NOT NULL,
  `phone_number` varchar(15) NOT NULL,
  `text` text NOT NULL,
  `message_status` varchar(50) NOT NULL DEFAULT 'new-message',
  `datetime` datetime NOT NULL DEFAULT current_timestamp()
) ENGINE=InnoDB DEFAULT CHARSET=utf8mb4 COLLATE=utf8mb4_general_ci;

-- --------------------------------------------------------

--
-- Table structure for table `orders`
--

CREATE TABLE `orders` (
  `order_id` int(11) NOT NULL,
  `user_id` int(11) NOT NULL,
  `product_id` int(11) NOT NULL,
  `qty` int(11) NOT NULL,
  `trx_id` varchar(255) NOT NULL,
  `p_status` varchar(20) NOT NULL
) ENGINE=InnoDB DEFAULT CHARSET=latin1 COLLATE=latin1_swedish_ci;

--
-- Dumping data for table `orders`
--

INSERT INTO `orders` (`order_id`, `user_id`, `product_id`, `qty`, `trx_id`, `p_status`) VALUES
(1, 1, 1, 1, '9L434522M7706801A', 'Completed'),
(2, 1, 2, 1, '9L434522M7706801A', 'Completed'),
(3, 1, 3, 1, '9L434522M7706801A', 'Completed'),
(4, 1, 1, 1, '8AT7125245323433N', 'Completed');

-- --------------------------------------------------------

--
-- Table structure for table `products`
--

CREATE TABLE `products` (
  `product_id` int(100) NOT NULL,
  `product_cat` int(11) NOT NULL,
  `product_brand` int(100) NOT NULL,
  `product_title` varchar(255) NOT NULL,
  `product_price` double NOT NULL,
  `product_qty` int(11) NOT NULL,
  `product_desc` text NOT NULL,
  `product_image` text NOT NULL,
  `product_keywords` text NOT NULL
) ENGINE=InnoDB DEFAULT CHARSET=latin1 COLLATE=latin1_swedish_ci;

--
-- Dumping data for table `products`
--

INSERT INTO `products` (`product_id`, `product_cat`, `product_brand`, `product_title`, `product_price`, `product_qty`, `product_desc`, `product_image`, `product_keywords`) VALUES
(1, 2, 1, 'Penja Mixed Pepper', 14, 770, '100% Pure . 300G', 'cool1.jpeg', 'Penja Mixed Pepper'),
(2, 2, 1, 'Penja Black pepper', 12, 507, '100% Pure . 300G', 'cool4.jpeg', 'Penja Black pepper'),
(3, 2, 1, 'Penja white Pepper', 13, 1000, '100% Pure . 300G\r\n', 'cool5.jpeg', 'Penja white Pepper'),
(4, 1, 1, 'Mambo Milk Chocolate (x5)', 7.6, 1398, '100% Pure Cocoa Butter . 100G', 'mambo.jpg', 'Mambo Milk Chocolate (x5)'),
(5, 1, 1, 'Rice Milk Chocolate (X20)', 7.8, 6000, 'Hard Candy Flavoured 425G', 'bmambo.jpg', 'Mambo Crisp Rice Milk Chocolate (X20)'),
(6, 1, 1, 'Ok Ginger', 4.5, 3007, 'Hard Candy Flavoured 425G', 'ginger.png', 'Ok Ginger'),
(7, 1, 1, 'Kola Pop', 4, 4009, 'White And Black Candy 350G', 'koola.png', 'Kola Pop'),
(8, 1, 1, 'Taritina Chocolate', 34.2, 657, 'Cococoa Spread Paste . 10KG', 'tartina.png', 'Taritina Chocolate'),
(9, 1, 1, 'Matinal Chocolate', 9.5, 1007, 'Big gum chlorophyll mint 180G & 435G', 'matinal.jpg', 'Matinal Chocolate'),
(10, 1, 1, 'Big Gum Chlorophyll Mint', 2.28, 7107, 'Big gum chlorophyll mint 180G & 435G', 'big-gum.png', 'Big Gum Chlorophyll Mint'),
(11, 1, 1, 'Mambo Chocolat', 6.7, 1000, 'Big gum chlorophyll mint 180G & 435G', 'mamboo.jpg', 'Mambo Chocolat'),
(12, 1, 1, 'Penja Mixed Pepper', 14, 1407, '100% Pure . 300G', 'cool1.jpeg', 'Penja Mixed Pepper');

-- --------------------------------------------------------

--
-- Table structure for table `user_info`
--

CREATE TABLE `user_info` (
  `user_id` int(10) NOT NULL,
  `first_name` varchar(100) NOT NULL,
  `last_name` varchar(100) NOT NULL,
  `email` varchar(300) NOT NULL,
  `password` varchar(300) NOT NULL,
  `mobile` varchar(10) NOT NULL,
  `address1` varchar(300) NOT NULL,
  `address2` varchar(11) NOT NULL
) ENGINE=InnoDB DEFAULT CHARSET=latin1 COLLATE=latin1_swedish_ci;

--
-- Indexes for dumped tables
--

--
-- Indexes for table `admin`
--
ALTER TABLE `admin`
  ADD PRIMARY KEY (`id`),
  ADD UNIQUE KEY `email` (`email`);

--
-- Indexes for table `brands`
--
ALTER TABLE `brands`
  ADD PRIMARY KEY (`brand_id`);

--
-- Indexes for table `cart`
--
ALTER TABLE `cart`
  ADD PRIMARY KEY (`id`);

--
-- Indexes for table `categories`
--
ALTER TABLE `categories`
  ADD PRIMARY KEY (`cat_id`);

--
-- Indexes for table `message`
--
ALTER TABLE `message`
  ADD PRIMARY KEY (`Id`);

--
-- Indexes for table `orders`
--
ALTER TABLE `orders`
  ADD PRIMARY KEY (`order_id`);

--
-- Indexes for table `products`
--
ALTER TABLE `products`
  ADD PRIMARY KEY (`product_id`),
  ADD KEY `fk_product_cat` (`product_cat`),
  ADD KEY `fk_product_brand` (`product_brand`);

--
-- Indexes for table `user_info`
--
ALTER TABLE `user_info`
  ADD PRIMARY KEY (`user_id`);

--
-- AUTO_INCREMENT for dumped tables
--

--
-- AUTO_INCREMENT for table `admin`
--
ALTER TABLE `admin`
  MODIFY `id` int(11) NOT NULL AUTO_INCREMENT;

--
-- AUTO_INCREMENT for table `brands`
--
ALTER TABLE `brands`
  MODIFY `brand_id` int(100) NOT NULL AUTO_INCREMENT, AUTO_INCREMENT=11;

--
-- AUTO_INCREMENT for table `cart`
--
ALTER TABLE `cart`
  MODIFY `id` int(10) NOT NULL AUTO_INCREMENT, AUTO_INCREMENT=36;

--
-- AUTO_INCREMENT for table `categories`
--
ALTER TABLE `categories`
  MODIFY `cat_id` int(100) NOT NULL AUTO_INCREMENT, AUTO_INCREMENT=15;

--
-- AUTO_INCREMENT for table `message`
--
ALTER TABLE `message`
  MODIFY `Id` int(120) NOT NULL AUTO_INCREMENT;

--
-- AUTO_INCREMENT for table `orders`
--
ALTER TABLE `orders`
  MODIFY `order_id` int(11) NOT NULL AUTO_INCREMENT, AUTO_INCREMENT=5;

--
-- AUTO_INCREMENT for table `products`
--
ALTER TABLE `products`
  MODIFY `product_id` int(100) NOT NULL AUTO_INCREMENT, AUTO_INCREMENT=22;

--
-- AUTO_INCREMENT for table `user_info`
--
ALTER TABLE `user_info`
  MODIFY `user_id` int(10) NOT NULL AUTO_INCREMENT;

--
-- Constraints for dumped tables
--

--
-- Constraints for table `products`
--
ALTER TABLE `products`
  ADD CONSTRAINT `fk_product_brand` FOREIGN KEY (`product_brand`) REFERENCES `brands` (`brand_id`),
  ADD CONSTRAINT `fk_product_cat` FOREIGN KEY (`product_cat`) REFERENCES `categories` (`cat_id`);
COMMIT;

/*!40101 SET CHARACTER_SET_CLIENT=@OLD_CHARACTER_SET_CLIENT */;
/*!40101 SET CHARACTER_SET_RESULTS=@OLD_CHARACTER_SET_RESULTS */;
/*!40101 SET COLLATION_CONNECTION=@OLD_COLLATION_CONNECTION */;
